strategy,scenario,repetition,latency_p50,latency_p95,latency_p99,latency_mean,latency_max,rps_observed,error_rate,availability,samples_k6,replicas_service-a_max,replicas_service-a_mean,replicas_service-b_max,replicas_service-b_mean,replicas_total_max,replicas_total_mean,cpu_total_mean,cpu_total_max,predicted_rps_mean
predictive,high,1,3640.2,5942.55555,6308.759000000001,3916.133718097051,6704.711,136.56,0.1440148408513962,99.8559851591486,40968,10.0,9.024390243902438,2.0,1.024390243902439,12.0,10.048780487804878,0.04874072227838841,0.07249633431382509,86.37995826383153
predictive,high,2,3685.531,5969.3796,6269.95068,3948.7771604328045,6980.608,135.55,0.3049305299397516,99.69506947006025,40665,10.0,8.341463414634147,10.0,7.780487804878049,20.0,16.121951219512194,0.05460577814841134,0.08392586937286929,90.96657163018646
predictive,high,3,3611.408,5704.7256,5994.55563,3859.201568233255,6381.707,138.44666666666666,0.1685366205999904,99.8314633794,41534,10.0,8.097560975609756,10.0,8.731707317073171,20.0,16.829268292682926,0.053990378874289285,0.09054561504203441,95.94579817962206
predictive,high,4,3710.522,5964.395,6190.22914,3960.6414828507136,6659.981,134.79666666666665,0.42533198150300455,99.574668018497,40439,10.0,9.073170731707316,10.0,3.8780487804878048,20.0,12.951219512195122,0.05062441635617069,0.0773232376676814,83.94170272393075
predictive,high,5,3705.879,5999.0044,6374.00348,3965.029538276861,6810.493,134.67666666666668,0.034650892260475706,99.96534910773953,40403,10.0,7.902439024390244,10.0,8.658536585365853,20.0,16.5609756097561,0.05556663041066426,0.08694262233911079,89.04917221804561
predictive,low,1,105.189,150.51,154.53712000000002,105.48888384343536,350.619,49.99,0.0,100.0,14997,10.0,6.439024390243903,10.0,7.170731707317073,20.0,13.609756097560975,0.03995569671452909,0.0471841597040624,45.372489568921615
predictive,low,2,107.809,155.50599999999997,1238.463499999992,139.73513752629077,3523.195,49.13,0.013569441617477442,99.98643055838252,14739,1.0,1.0,7.0,5.536585365853658,8.0,6.536585365853658,0.037711589710626804,0.0779190585043793,46.314605372653546
predictive,low,3,388.74850000000004,3049.49925,6952.080300000004,973.2672671176713,31275.154,32.52,0.6662566625666256,99.33374333743338,9756,1.0,1.0,9.0,6.926829268292683,10.0,7.926829268292683,0.08058389130820327,0.1671128252955279,35.854553048616715
predictive,low,4,106.658,152.0958,414.08905999999,114.44837987295219,1602.065,49.85,0.013373453694416582,99.98662654630559,14955,1.0,1.0,8.0,6.219512195121951,9.0,7.219512195121951,0.04114688461477331,0.0833429578890201,45.412507241171326
predictive,low,5,134.3165,1994.4464499999997,4392.446430000013,507.53791617647056,17494.051,40.8,0.6944444444444444,99.30555555555556,12240,1.0,1.0,7.0,5.585365853658536,8.0,6.585365853658536,0.061995038494113384,0.1727980154439343,41.61751690258862
predictive,medium,1,3486.0879999999997,11548.071949999983,51933.02165999999,5424.621355772711,58366.08,36.84,0.14477017734346725,99.85522982265654,11052,1.0,1.0,9.0,8.375,10.0,9.146341463414634,0.11693566270630307,0.20395923088369428,33.89341785172245
predictive,medium,2,1816.016,3862.039,11941.4048,2235.4168088195333,21512.796,85.87,0.40759287294747876,99.59240712705252,25761,2.0,1.2682926829268293,10.0,8.926829268292684,12.0,10.195121951219512,0.06459188207417078,0.19678468749031472,60.81361173994116
predictive,medium,3,1270.766,1566.4571,1857.1502399999993,1288.2509366353265,3378.724,142.87666666666667,0.5272612742925133,99.47273872570749,42863,10.0,4.463414634146342,10.0,6.585365853658536,15.0,11.048780487804878,0.0516949361564336,0.0810957820737208,92.64522669114946
predictive,medium,4,1270.706,1558.2292,1777.20512,1283.5399632778203,2483.007,143.51,0.10219961442872738,99.89780038557127,43053,10.0,9.121951219512194,2.0,1.048780487804878,12.0,10.170731707317072,0.051328050919654374,0.07765733742657449,89.51089530938557
predictive,medium,5,1233.8755,1544.0738999999999,1813.1545899999953,1261.898047965985,2313.925,145.03333333333333,0.1723741668581935,99.82762583314181,43510,10.0,9.073170731707316,1.0,1.0,11.0,10.073170731707316,0.049676844554717874,0.0728641273474936,90.32410358906267
reactive,high,1,4397.706,17251.2836,38753.50944,7209.210764373068,59688.233,76.59,0.4613308961135048,99.53866910388649,22977,10.0,7.170731707317073,9.0,5.902439024390244,15.0,13.073170731707316,0.061095994232193127,0.1283459879817304,59.60623136055982
reactive,high,2,7640.98,34768.461650000005,43990.579979999995,11500.009827195667,51659.239,47.973333333333336,0.6878821567537521,99.31211784324624,14392,1.0,1.0,8.0,5.804878048780488,9.0,6.642857142857143,0.08399994881800568,0.2147048906368169,42.13236737512924
reactive,high,3,6797.648,13592.4218,20400.77344,7820.030573831505,22835.897,68.96333333333334,0.46401469379863697,99.53598530620137,20689,1.0,1.0,9.0,6.609756097560975,10.0,7.609756097560975,0.07520568599089165,0.1193837815200032,52.9966788840356
reactive,high,4,0.544,6693.211049999997,17392.17516,1543.4393175424982,44367.444,352.17333333333335,74.82489683110589,25.17510316889411,105652,10.0,8.81578947368421,4.0,1.9210526315789473,14.0,9.488372093023257,0.07469191179342519,0.1584094415893465,62.278507756039915
reactive,high,5,0.543,4377.502,8738.764200000001,1371.797707612828,32879.449,388.42333333333335,66.91238940331425,33.08761059668575,116527,10.0,9.24390243902439,10.0,5.341463414634147,20.0,14.585365853658537,0.06789065949517173,0.10329278201590911,82.7654936911843
reactive,low,1,106.602,154.3282,833.6891999999962,127.8378658134052,4043.906,49.483333333333334,0.0,100.0,14845,5.0,4.7560975609756095,2.0,1.4878048780487805,7.0,6.2439024390243905,0.03945205904931351,0.0626693323413941,46.10103696120297
reactive,low,2,118.104,3712.3009999999917,55142.46754999996,1280.3744942148762,60450.819,24.2,0.8126721763085398,99.18732782369146,7260,5.0,5.0,1.0,1.0,6.0,5.853658536585366,0.03386865355770349,0.09496519365742259,39.77172721055216
reactive,low,3,238.216,3530.42475,12939.341,974.9868174603175,15920.208,31.92,0.04177109440267335,99.95822890559732,9576,5.0,5.0,1.0,1.0,6.0,6.0,0.08059399337408986,0.1496711510897207,36.485168980043696
reactive,low,4,285.681,5428.487,17878.483,1487.740497329133,59013.624,24.336666666666666,0.7396247089439802,99.26037529105602,7301,5.0,4.461538461538462,1.0,1.0,6.0,5.195121951219512,0.10215424543680562,0.1973656135810224,22.601474298941586
reactive,low,5,116.08,1307.4496,2507.4823600000027,276.6319385857421,5807.951,46.24333333333333,0.0,100.0,13873,5.0,5.0,1.0,1.0,6.0,6.0,0.0538928227001099,0.09601545169166799,41.89189138981059
reactive,medium,1,1443.879,1827.892,2188.43,1463.619832688712,3274.872,130.13666666666666,0.42007120719243873,99.57992879280756,39041,10.0,6.536585365853658,10.0,4.414634146341464,20.0,10.951219512195122,0.05624616356854577,0.11699245812890119,82.22814180653432
reactive,medium,2,7605.944,60349.58119999999,61576.769440000004,21814.832654212194,64694.84,9.456666666666667,17.37751145576313,82.62248854423687,2837,10.0,9.428571428571429,10.0,9.142857142857142,20.0,15.116279069767442,0.13890848463693473,0.37702614376877686,28.302733985967215
reactive,medium,3,4346.943,43892.0504,57657.3572,9273.82181003584,60004.695,21.39,0.5454262116253701,99.45457378837463,6417,9.0,8.743589743589743,9.0,8.76923076923077,18.0,15.883720930232558,0.22146900604791006,0.47214134845644345,13.25267430382771
reactive,medium,4,5224.523,24685.227,29549.274849999998,8473.298051203052,43643.712,22.72,0.19072769953051644,99.80927230046949,6816,7.0,6.6,6.0,5.05,13.0,10.590909090909092,0.14314542100723585,0.2495928874051355,24.078188314309603
reactive,medium,5,1892.48,6718.506750000001,20843.79124,2893.4657094534273,60051.453,67.20666666666666,1.7458585457791886,98.25414145422081,20162,6.0,5.634146341463414,9.0,3.8536585365853657,14.0,9.487804878048781,0.1254338896997717,0.23696904551110648,42.74324120256749
